{
  "version": "engine-2026-06-22-accbias",
  "source": "sf18-litewasm_d16_mpv1",
  "note": "Generated by export-calibration.mjs. Displayed accuracy uses the tuned win%-based method.",
  "display": "winpct",
  "winK": 0.003001472674915567,
  "moveAcc": {
    "a": 103.1668,
    "b": 0.058,
    "c": 3.1669
  },
  "agg": {
    "mode": "learned",
    "p": -2.796046439738944,
    "floor": 36.64236434544436,
    "missFloor": 0,
    "useVol": false,
    "learnedFeatures": [
      "bias",
      "mean",
      "harmonic",
      "wmean",
      "min",
      "fracLt50",
      "logn"
    ],
    "learnedWeights": [
      -4.952576975621859,
      -0.41043360407395846,
      2.046596575115292,
      -0.41043360407395896,
      -0.12656923368315615,
      -4.023655547089195,
      -3.2852003664918668
    ]
  },
  "volatility": {
    "winMin": 2,
    "winMax": 8,
    "winDiv": 10,
    "clampMin": 0.5,
    "clampMax": 16.173003673553467
  },
  "accRating": {
    "on": true,
    "center": 2100,
    "slope": 0.00016646902020927515,
    "min": 0.7,
    "max": 1.4716689426917582
  },
  "clsWp": {
    "good": 2,
    "inacc": 5,
    "mistake": 10,
    "blunder": 20
  },
  "classification": {
    "sacReal": true,
    "relational": true,
    "mateFine": false,
    "book": true,
    "forced": true
  },
  "accBias": {
    "on": true,
    "edges": [
      1200,
      1600,
      2000
    ],
    "bias": [
      -0.4316,
      -0.749,
      0.4928,
      1.3511
    ],
    "lambda": 8
  },
  "eloModel": {
    "on": true,
    "note": "Estimated game rating ~ a + b*actualRating + c*accuracy. Fit by fit-elo-model.mjs to reference rating estimates. Falls back to the accuracy-only ELO_ANCHORS when no rating is known.",
    "a": -1613.3,
    "b": 0.72597,
    "c": 28.179,
    "clampMin": 100,
    "clampMax": 3200
  }
}